label,count,percent
benign,10000,0.17854273420343159
malicious,10000,0.17854273420343159
PartOfAHorizontalPortScan,10000,0.17854273420343159
C&C,10000,0.17854273420343159
DDoS,10000,0.17854273420343159
Attack,5962,0.10644717813208592
C&C-Torii,30,0.0005356282026102948
C&C-FileDownload,14,0.00024995982788480423
FileDownload,3,5.3562820261029475e-05
