dataset,label_value,count,percent
IoT-23,benign,10000,0.17854273420343159
IoT-23,malicious,10000,0.17854273420343159
IoT-23,PartOfAHorizontalPortScan,10000,0.17854273420343159
IoT-23,C&C,10000,0.17854273420343159
IoT-23,DDoS,10000,0.17854273420343159
IoT-23,Attack,5962,0.10644717813208592
IoT-23,C&C-Torii,30,0.0005356282026102948
IoT-23,C&C-FileDownload,14,0.00024995982788480423
IoT-23,FileDownload,3,5.3562820261029475e-05
