label,count,percent
attack,46009,0.8214572657965684
benign,10000,0.17854273420343159
